letter,frequency
A,0.363033248
B,0.077816065
C,0.019783133
P,0.003204231
Z,0.007180729
NA,0.525184486
Not Graded,0.003798109